Handle,Title,Body (HTML),Vendor,Product Category,Type,Tags,Published,Option1 Name,Option1 Value,Variant SKU,Variant Grams,Variant Inventory Tracker,Variant Inventory Qty,Variant Inventory Policy,Variant Fulfillment Service,Variant Price,Variant Compare At Price,Variant Requires Shipping,Variant Taxable,Status
shimano-cn-m9100-dura-acextr-12s-116-glieder,Shimano CN-M9100 Dura-Ace/XTR 12s (116 Glieder),<p><strong>Kompatibilität:</strong> Alle Shimano 12-fach Räder</p><ul><li>Schaltgruppen-Hersteller: Shimano</li><li>Gang: 12-fach</li></ul>,Shimano,Kette,Kette,"vm-kat-kette, vm-groupset-shimano, vm-speed-12",TRUE,Title,Default Title,VM-SHIMANOCNM9100D,0,shopify,99,continue,manual,34.99,,TRUE,TRUE,active
shimano-cn-m8100-ultegraxt-12s-116-glieder,Shimano CN-M8100 Ultegra/XT 12s (116 Glieder),<p><strong>Kompatibilität:</strong> Alle Shimano 12-fach Räder</p><ul><li>Schaltgruppen-Hersteller: Shimano</li><li>Gang: 12-fach</li></ul>,Shimano,Kette,Kette,"vm-kat-kette, vm-groupset-shimano, vm-speed-12",TRUE,Title,Default Title,VM-SHIMANOCNM8100U,0,shopify,99,continue,manual,24.99,,TRUE,TRUE,active
shimano-cn-m7100-slx105-12s-116-glieder,Shimano CN-M7100 SLX/105 12s (116 Glieder),<p><strong>Kompatibilität:</strong> Alle Shimano 12-fach Räder</p><ul><li>Schaltgruppen-Hersteller: Shimano</li><li>Gang: 12-fach</li></ul>,Shimano,Kette,Kette,"vm-kat-kette, vm-groupset-shimano, vm-speed-12",TRUE,Title,Default Title,VM-SHIMANOCNM7100S,0,shopify,99,continue,manual,19.99,,TRUE,TRUE,active
shimano-cn-hg601-11s-116-glieder,Shimano CN-HG601 11s (116 Glieder),<p><strong>Kompatibilität:</strong> Alle Shimano 11-fach Räder</p><ul><li>Schaltgruppen-Hersteller: Shimano</li><li>Gang: 11-fach</li></ul>,Shimano,Kette,Kette,"vm-kat-kette, vm-groupset-shimano, vm-speed-11",TRUE,Title,Default Title,VM-SHIMANOCNHG6011,0,shopify,99,continue,manual,17.99,,TRUE,TRUE,active
shimano-cn-hg71-8s-116-glieder,Shimano CN-HG71 8s (116 Glieder),<p><strong>Kompatibilität:</strong> Shimano Claris 8-fach Räder</p><ul><li>Schaltgruppen-Hersteller: Shimano</li><li>Gang: 8-fach</li></ul>,Shimano,Kette,Kette,"vm-kat-kette, vm-groupset-shimano, vm-speed-8",TRUE,Title,Default Title,VM-SHIMANOCNHG718S,0,shopify,99,continue,manual,9.99,,TRUE,TRUE,active
sram-red-d1-e1-flattop-12s-120-glieder,SRAM Red D1 / E1 Flattop 12s (120 Glieder),<p><strong>Kompatibilität:</strong> Alle SRAM 12-fach AXS Räder</p><ul><li>Schaltgruppen-Hersteller: SRAM</li><li>Gang: 12-fach</li></ul>,SRAM,Kette,Kette,"vm-kat-kette, vm-groupset-sram, vm-speed-12",TRUE,Title,Default Title,VM-SRAMREDD1E1FLA,0,shopify,99,continue,manual,39.99,,TRUE,TRUE,active
sram-force-d1-flattop-12s-120-glieder,SRAM Force D1 Flattop 12s (120 Glieder),<p><strong>Kompatibilität:</strong> Alle SRAM 12-fach AXS Räder</p><ul><li>Schaltgruppen-Hersteller: SRAM</li><li>Gang: 12-fach</li></ul>,SRAM,Kette,Kette,"vm-kat-kette, vm-groupset-sram, vm-speed-12",TRUE,Title,Default Title,VM-SRAMFORCED1FLAT,0,shopify,99,continue,manual,29.99,,TRUE,TRUE,active
sram-rival-d1-flattop-12s-120-glieder,SRAM Rival D1 Flattop 12s (120 Glieder),<p><strong>Kompatibilität:</strong> Alle SRAM 12-fach AXS Räder</p><ul><li>Schaltgruppen-Hersteller: SRAM</li><li>Gang: 12-fach</li></ul>,SRAM,Kette,Kette,"vm-kat-kette, vm-groupset-sram, vm-speed-12",TRUE,Title,Default Title,VM-SRAMRIVALD1FLAT,0,shopify,99,continue,manual,22.99,,TRUE,TRUE,active
campagnolo-super-record-c13-12s,Campagnolo Super Record C13 12s,<p><strong>Kompatibilität:</strong> Alle Campagnolo 12-fach Räder</p><ul><li>Schaltgruppen-Hersteller: Campagnolo</li><li>Gang: 12-fach</li></ul>,Campagnolo,Kette,Kette,"vm-kat-kette, vm-groupset-campagnolo, vm-speed-12",TRUE,Title,Default Title,VM-CAMPAGNOLOSUPERR,0,shopify,99,continue,manual,54.99,,TRUE,TRUE,active
shimano-cs-r9200-dura-ace-12s-11-30,Shimano CS-R9200 Dura-Ace 12s 11-30,<p><strong>Kompatibilität:</strong> Alle Shimano 12-fach Räder</p><ul><li>Schaltgruppen-Hersteller: Shimano</li><li>Gang: 12-fach</li></ul>,Shimano,Kassette,Kassette,"vm-kat-kassette, vm-groupset-shimano, vm-speed-12",TRUE,Title,Default Title,VM-SHIMANOCSR9200D,0,shopify,99,continue,manual,279.99,,TRUE,TRUE,active
shimano-cs-r9200-dura-ace-12s-11-34,Shimano CS-R9200 Dura-Ace 12s 11-34,<p><strong>Kompatibilität:</strong> Alle Shimano 12-fach Räder</p><ul><li>Schaltgruppen-Hersteller: Shimano</li><li>Gang: 12-fach</li></ul>,Shimano,Kassette,Kassette,"vm-kat-kassette, vm-groupset-shimano, vm-speed-12",TRUE,Title,Default Title,VM-SHIMANOCSR9200D,0,shopify,99,continue,manual,279.99,,TRUE,TRUE,active
shimano-cs-r8100-ultegra-12s-11-30,Shimano CS-R8100 Ultegra 12s 11-30,<p><strong>Kompatibilität:</strong> Alle Shimano 12-fach Räder</p><ul><li>Schaltgruppen-Hersteller: Shimano</li><li>Gang: 12-fach</li></ul>,Shimano,Kassette,Kassette,"vm-kat-kassette, vm-groupset-shimano, vm-speed-12",TRUE,Title,Default Title,VM-SHIMANOCSR8100U,0,shopify,99,continue,manual,79.99,,TRUE,TRUE,active
shimano-cs-r8100-ultegra-12s-11-34,Shimano CS-R8100 Ultegra 12s 11-34,<p><strong>Kompatibilität:</strong> Alle Shimano 12-fach Räder</p><ul><li>Schaltgruppen-Hersteller: Shimano</li><li>Gang: 12-fach</li></ul>,Shimano,Kassette,Kassette,"vm-kat-kassette, vm-groupset-shimano, vm-speed-12",TRUE,Title,Default Title,VM-SHIMANOCSR8100U,0,shopify,99,continue,manual,79.99,,TRUE,TRUE,active
shimano-cs-r7100-105-12s-11-34,Shimano CS-R7100 105 12s 11-34,<p><strong>Kompatibilität:</strong> Alle Shimano 12-fach Räder</p><ul><li>Schaltgruppen-Hersteller: Shimano</li><li>Gang: 12-fach</li></ul>,Shimano,Kassette,Kassette,"vm-kat-kassette, vm-groupset-shimano, vm-speed-12",TRUE,Title,Default Title,VM-SHIMANOCSR71001,0,shopify,99,continue,manual,49.99,,TRUE,TRUE,active
shimano-cs-hg500-tiagra-10s-11-34,Shimano CS-HG500 Tiagra 10s 11-34,<p><strong>Kompatibilität:</strong> Shimano 10-fach Räder</p><ul><li>Schaltgruppen-Hersteller: Shimano</li><li>Gang: 10-fach</li></ul>,Shimano,Kassette,Kassette,"vm-kat-kassette, vm-groupset-shimano, vm-speed-10",TRUE,Title,Default Title,VM-SHIMANOCSHG500T,0,shopify,99,continue,manual,29.99,,TRUE,TRUE,active
sram-red-xg-1290-12s-10-33,SRAM Red XG-1290 12s 10-33,<p><strong>Kompatibilität:</strong> Alle SRAM 12-fach AXS Räder</p><ul><li>Schaltgruppen-Hersteller: SRAM</li><li>Gang: 12-fach</li></ul>,SRAM,Kassette,Kassette,"vm-kat-kassette, vm-groupset-sram, vm-speed-12",TRUE,Title,Default Title,VM-SRAMREDXG12901,0,shopify,99,continue,manual,299.99,,TRUE,TRUE,active
sram-force-xg-1270-12s-10-33,SRAM Force XG-1270 12s 10-33,<p><strong>Kompatibilität:</strong> Alle SRAM 12-fach AXS Räder</p><ul><li>Schaltgruppen-Hersteller: SRAM</li><li>Gang: 12-fach</li></ul>,SRAM,Kassette,Kassette,"vm-kat-kassette, vm-groupset-sram, vm-speed-12",TRUE,Title,Default Title,VM-SRAMFORCEXG1270,0,shopify,99,continue,manual,99.99,,TRUE,TRUE,active
sram-force-xg-1270-12s-10-36,SRAM Force XG-1270 12s 10-36,<p><strong>Kompatibilität:</strong> Alle SRAM 12-fach AXS Räder</p><ul><li>Schaltgruppen-Hersteller: SRAM</li><li>Gang: 12-fach</li></ul>,SRAM,Kassette,Kassette,"vm-kat-kassette, vm-groupset-sram, vm-speed-12",TRUE,Title,Default Title,VM-SRAMFORCEXG1270,0,shopify,99,continue,manual,99.99,,TRUE,TRUE,active
sram-rival-xg-1250-12s-10-36,SRAM Rival XG-1250 12s 10-36,<p><strong>Kompatibilität:</strong> Alle SRAM 12-fach AXS Räder</p><ul><li>Schaltgruppen-Hersteller: SRAM</li><li>Gang: 12-fach</li></ul>,SRAM,Kassette,Kassette,"vm-kat-kassette, vm-groupset-sram, vm-speed-12",TRUE,Title,Default Title,VM-SRAMRIVALXG1250,0,shopify,99,continue,manual,54.99,,TRUE,TRUE,active
shimano-sm-cn910-12-quick-link-12s-2-st,Shimano SM-CN910-12 Quick-Link 12s (2 St.),<p><strong>Kompatibilität:</strong> Alle Shimano 12-fach Ketten</p><ul><li>Schaltgruppen-Hersteller: Shimano</li><li>Gang: 12-fach</li></ul>,Shimano,Kettenschloss,Kettenschloss,"vm-kat-kettenschloss, vm-groupset-shimano, vm-speed-12",TRUE,Title,Default Title,VM-SHIMANOSMCN9101,0,shopify,99,continue,manual,9.99,,TRUE,TRUE,active
shimano-sm-cn900-11-quick-link-11s-2-st,Shimano SM-CN900-11 Quick-Link 11s (2 St.),<p><strong>Kompatibilität:</strong> Alle Shimano 11-fach Ketten</p><ul><li>Schaltgruppen-Hersteller: Shimano</li><li>Gang: 11-fach</li></ul>,Shimano,Kettenschloss,Kettenschloss,"vm-kat-kettenschloss, vm-groupset-shimano, vm-speed-11",TRUE,Title,Default Title,VM-SHIMANOSMCN9001,0,shopify,99,continue,manual,7.99,,TRUE,TRUE,active
sram-powerlock-12s-flattop-4-st,SRAM PowerLock 12s Flattop (4 St.),<p><strong>Kompatibilität:</strong> Alle SRAM 12-fach AXS Ketten</p><ul><li>Schaltgruppen-Hersteller: SRAM</li><li>Gang: 12-fach</li></ul>,SRAM,Kettenschloss,Kettenschloss,"vm-kat-kettenschloss, vm-groupset-sram, vm-speed-12",TRUE,Title,Default Title,VM-SRAMPOWERLOCK12S,0,shopify,99,continue,manual,11.99,,TRUE,TRUE,active
campagnolo-c-link-12s-2-st,Campagnolo C-Link 12s (2 St.),<p><strong>Kompatibilität:</strong> Alle Campagnolo 12-fach Ketten</p><ul><li>Schaltgruppen-Hersteller: Campagnolo</li><li>Gang: 12-fach</li></ul>,Campagnolo,Kettenschloss,Kettenschloss,"vm-kat-kettenschloss, vm-groupset-campagnolo, vm-speed-12",TRUE,Title,Default Title,VM-CAMPAGNOLOCLINK,0,shopify,99,continue,manual,14.99,,TRUE,TRUE,active
shimano-bb-rs500-pb-press-fit-bb86,Shimano BB-RS500-PB Press-Fit BB86,"<p><strong>Kompatibilität:</strong> Canyon, Cube, Rose (BB86)</p><ul><li>Schaltgruppen-Hersteller: Shimano</li><li>Innenlager-Standard: BB86</li></ul>",Shimano,Innenlager,Innenlager,"vm-kat-innenlager, vm-groupset-shimano, vm-speed-alle, vm-bb-bb86",TRUE,Title,Default Title,VM-SHIMANOBBRS500P,0,shopify,99,continue,manual,19.99,,TRUE,TRUE,active
shimano-sm-bb71-41b-press-fit-bb86,Shimano SM-BB71-41B Press-Fit BB86,"<p><strong>Kompatibilität:</strong> Canyon, Cube, Rose (BB86)</p><ul><li>Schaltgruppen-Hersteller: Shimano</li><li>Innenlager-Standard: BB86</li></ul>",Shimano,Innenlager,Innenlager,"vm-kat-innenlager, vm-groupset-shimano, vm-speed-alle, vm-bb-bb86",TRUE,Title,Default Title,VM-SHIMANOSMBB7141,0,shopify,99,continue,manual,24.99,,TRUE,TRUE,active
shimano-sm-bb92-41b-press-fit-bb92,Shimano SM-BB92-41B Press-Fit BB92,"<p><strong>Kompatibilität:</strong> BMC, Scott (BB92/PF86)</p><ul><li>Schaltgruppen-Hersteller: Shimano</li><li>Innenlager-Standard: BB92</li></ul>",Shimano,Innenlager,Innenlager,"vm-kat-innenlager, vm-groupset-shimano, vm-speed-alle, vm-bb-bb92",TRUE,Title,Default Title,VM-SHIMANOSMBB9241,0,shopify,99,continue,manual,24.99,,TRUE,TRUE,active
shimano-sm-bb9200-dura-ace-bsa-68mm,Shimano SM-BB9200 Dura-Ace BSA 68mm,"<p><strong>Kompatibilität:</strong> Specialized, Colnago V5Rs, Cannondale Gen4+ (BSA)</p><ul><li>Schaltgruppen-Hersteller: Shimano</li><li>Innenlager-Standard: BSA</li></ul>",Shimano,Innenlager,Innenlager,"vm-kat-innenlager, vm-groupset-shimano, vm-speed-alle, vm-bb-bsa",TRUE,Title,Default Title,VM-SHIMANOSMBB9200,0,shopify,99,continue,manual,44.99,,TRUE,TRUE,active
shimano-sm-bb9200-italian-thread,Shimano SM-BB9200 Italian Thread,<p><strong>Kompatibilität:</strong> Pinarello ALLE Modelle (Italian Thread)</p><ul><li>Schaltgruppen-Hersteller: Shimano</li><li>Innenlager-Standard: Italian Thread</li></ul>,Shimano,Innenlager,Innenlager,"vm-kat-innenlager, vm-groupset-shimano, vm-speed-alle, vm-bb-italian-thread",TRUE,Title,Default Title,VM-SHIMANOSMBB9200,0,shopify,99,continue,manual,44.99,,TRUE,TRUE,active
sram-dub-press-fit-bb86-road,SRAM DUB Press-Fit BB86 Road,"<p><strong>Kompatibilität:</strong> Canyon, Cube, Rose mit SRAM (BB86)</p><ul><li>Schaltgruppen-Hersteller: SRAM</li><li>Innenlager-Standard: BB86</li></ul>",SRAM,Innenlager,Innenlager,"vm-kat-innenlager, vm-groupset-sram, vm-speed-alle, vm-bb-bb86",TRUE,Title,Default Title,VM-SRAMDUBPRESSFIT,0,shopify,99,continue,manual,29.99,,TRUE,TRUE,active
sram-dub-bsa-68mm-road,SRAM DUB BSA 68mm Road,"<p><strong>Kompatibilität:</strong> Specialized, Cannondale mit SRAM (BSA)</p><ul><li>Schaltgruppen-Hersteller: SRAM</li><li>Innenlager-Standard: BSA</li></ul>",SRAM,Innenlager,Innenlager,"vm-kat-innenlager, vm-groupset-sram, vm-speed-alle, vm-bb-bsa",TRUE,Title,Default Title,VM-SRAMDUBBSA68MM,0,shopify,99,continue,manual,29.99,,TRUE,TRUE,active
sram-dub-press-fit-bb92-road,SRAM DUB Press-Fit BB92 Road,"<p><strong>Kompatibilität:</strong> BMC, Scott mit SRAM (BB92)</p><ul><li>Schaltgruppen-Hersteller: SRAM</li><li>Innenlager-Standard: BB92</li></ul>",SRAM,Innenlager,Innenlager,"vm-kat-innenlager, vm-groupset-sram, vm-speed-alle, vm-bb-bb92",TRUE,Title,Default Title,VM-SRAMDUBPRESSFIT,0,shopify,99,continue,manual,29.99,,TRUE,TRUE,active
token-t47-v24-shimano-24mm,Token T47 V24 Shimano 24mm,"<p><strong>Kompatibilität:</strong> Look, Trek, Colnago V4Rs, Factor Gen2 (T47)</p><ul><li>Schaltgruppen-Hersteller: Shimano</li><li>Innenlager-Standard: T47</li></ul>",Token,Innenlager,Innenlager,"vm-kat-innenlager, vm-groupset-shimano, vm-speed-alle, vm-bb-t47",TRUE,Title,Default Title,VM-TOKENT47V24SHIM,0,shopify,99,continue,manual,49.99,,TRUE,TRUE,active
sram-dub-t47-road,SRAM DUB T47 Road,"<p><strong>Kompatibilität:</strong> Trek, Factor, Look mit SRAM (T47)</p><ul><li>Schaltgruppen-Hersteller: SRAM</li><li>Innenlager-Standard: T47</li></ul>",SRAM,Innenlager,Innenlager,"vm-kat-innenlager, vm-groupset-sram, vm-speed-alle, vm-bb-t47",TRUE,Title,Default Title,VM-SRAMDUBT47ROAD,0,shopify,99,continue,manual,39.99,,TRUE,TRUE,active
ceramicspeed-bbright-shimano-24mm,CeramicSpeed BBright Shimano 24mm,"<p><strong>Kompatibilität:</strong> Cervélo S5, R5, Caledonia-5 (BBright)</p><ul><li>Schaltgruppen-Hersteller: Shimano</li><li>Innenlager-Standard: BBright</li></ul>",CeramicSpeed,Innenlager,Innenlager,"vm-kat-innenlager, vm-groupset-shimano, vm-speed-alle, vm-bb-bbright",TRUE,Title,Default Title,VM-CERAMICSPEEDBBRIG,0,shopify,99,continue,manual,159.99,,TRUE,TRUE,active
ceramicspeed-bbright-sram-dub,CeramicSpeed BBright SRAM DUB,"<p><strong>Kompatibilität:</strong> Cervélo S5, R5, Caledonia-5 mit SRAM (BBright)</p><ul><li>Schaltgruppen-Hersteller: SRAM</li><li>Innenlager-Standard: BBright</li></ul>",CeramicSpeed,Innenlager,Innenlager,"vm-kat-innenlager, vm-groupset-sram, vm-speed-alle, vm-bb-bbright",TRUE,Title,Default Title,VM-CERAMICSPEEDBBRIG,0,shopify,99,continue,manual,159.99,,TRUE,TRUE,active
ceramicspeed-bbright-47-shimano,CeramicSpeed BBrighT-47 Shimano,<p><strong>Kompatibilität:</strong> Cervélo Soloist (BBrighT-47)</p><ul><li>Schaltgruppen-Hersteller: Shimano</li><li>Innenlager-Standard: BBrighT-47</li></ul>,CeramicSpeed,Innenlager,Innenlager,"vm-kat-innenlager, vm-groupset-shimano, vm-speed-alle, vm-bb-bbright-47",TRUE,Title,Default Title,VM-CERAMICSPEEDBBRIG,0,shopify,99,continue,manual,179.99,,TRUE,TRUE,active
shimano-l05a-resin-mit-kuehlrippen-paar,Shimano L05A Resin mit Kühlrippen (Paar),<p><strong>Kompatibilität:</strong> Alle Shimano Hydr. Disc (BR-R9270 etc.)</p><ul><li>Schaltgruppen-Hersteller: Shimano</li><li>Bremse: Hydraulic Disc</li></ul>,Shimano,Bremsbelag,Bremsbelag,"vm-kat-bremsbelag, vm-groupset-shimano, vm-speed-alle, vm-brake-hydraulic-disc",TRUE,Title,Default Title,VM-SHIMANOL05ARESIN,0,shopify,99,continue,manual,24.99,,TRUE,TRUE,active
shimano-k05s-resin-paar,Shimano K05S Resin (Paar),<p><strong>Kompatibilität:</strong> Alle Shimano Hydr. Disc (Budget-Option)</p><ul><li>Schaltgruppen-Hersteller: Shimano</li><li>Bremse: Hydraulic Disc</li></ul>,Shimano,Bremsbelag,Bremsbelag,"vm-kat-bremsbelag, vm-groupset-shimano, vm-speed-alle, vm-brake-hydraulic-disc",TRUE,Title,Default Title,VM-SHIMANOK05SRESIN,0,shopify,99,continue,manual,14.99,,TRUE,TRUE,active
sram-redforcerival-axs-organic-paar,SRAM Red/Force/Rival AXS Organic (Paar),<p><strong>Kompatibilität:</strong> Alle SRAM AXS Hydr. Disc</p><ul><li>Schaltgruppen-Hersteller: SRAM</li><li>Bremse: Hydraulic Disc</li></ul>,SRAM,Bremsbelag,Bremsbelag,"vm-kat-bremsbelag, vm-groupset-sram, vm-speed-alle, vm-brake-hydraulic-disc",TRUE,Title,Default Title,VM-SRAMREDFORCERIVAL,0,shopify,99,continue,manual,29.99,,TRUE,TRUE,active
campagnolo-db-310-disc-brake-pad-paar,Campagnolo DB-310 Disc Brake Pad (Paar),<p><strong>Kompatibilität:</strong> Alle Campagnolo Hydr. Disc</p><ul><li>Schaltgruppen-Hersteller: Campagnolo</li><li>Bremse: Hydraulic Disc</li></ul>,Campagnolo,Bremsbelag,Bremsbelag,"vm-kat-bremsbelag, vm-groupset-campagnolo, vm-speed-alle, vm-brake-hydraulic-disc",TRUE,Title,Default Title,VM-CAMPAGNOLODB310,0,shopify,99,continue,manual,34.99,,TRUE,TRUE,active
swissstop-disc-34-rs-organic-paar,SwissStop Disc 34 RS Organic (Paar),<p><strong>Kompatibilität:</strong> Shimano + SRAM kompatibel</p><ul><li>Bremse: Hydraulic Disc</li></ul>,SwissStop,Bremsbelag,Bremsbelag,"vm-kat-bremsbelag, vm-groupset-alle, vm-speed-alle, vm-brake-hydraulic-disc",TRUE,Title,Default Title,VM-SWISSSTOPDISC34,0,shopify,99,continue,manual,29.99,,TRUE,TRUE,active
shimano-rt-cl900-dura-ace-160mm-cl,Shimano RT-CL900 Dura-Ace 160mm CL,<p><strong>Kompatibilität:</strong> Alle Center Lock Räder (160mm)</p><ul><li>Bremse: Hydraulic Disc</li></ul>,Shimano,Bremsscheibe,Bremsscheibe,"vm-kat-bremsscheibe, vm-groupset-alle, vm-speed-alle, vm-brake-hydraulic-disc",TRUE,Title,Default Title,VM-SHIMANORTCL900D,0,shopify,99,continue,manual,54.99,,TRUE,TRUE,active
shimano-rt-cl900-dura-ace-140mm-cl,Shimano RT-CL900 Dura-Ace 140mm CL,<p><strong>Kompatibilität:</strong> Alle Center Lock Räder (140mm)</p><ul><li>Bremse: Hydraulic Disc</li></ul>,Shimano,Bremsscheibe,Bremsscheibe,"vm-kat-bremsscheibe, vm-groupset-alle, vm-speed-alle, vm-brake-hydraulic-disc",TRUE,Title,Default Title,VM-SHIMANORTCL900D,0,shopify,99,continue,manual,54.99,,TRUE,TRUE,active
shimano-rt-cl800-ultegra-160mm-cl,Shimano RT-CL800 Ultegra 160mm CL,<p><strong>Kompatibilität:</strong> Alle Center Lock Räder (160mm)</p><ul><li>Bremse: Hydraulic Disc</li></ul>,Shimano,Bremsscheibe,Bremsscheibe,"vm-kat-bremsscheibe, vm-groupset-alle, vm-speed-alle, vm-brake-hydraulic-disc",TRUE,Title,Default Title,VM-SHIMANORTCL800U,0,shopify,99,continue,manual,34.99,,TRUE,TRUE,active
shimano-rt-mt800-160mm-cl-ice-tech,Shimano RT-MT800 160mm CL Ice Tech,<p><strong>Kompatibilität:</strong> Alle Center Lock Räder (160mm)</p><ul><li>Bremse: Hydraulic Disc</li></ul>,Shimano,Bremsscheibe,Bremsscheibe,"vm-kat-bremsscheibe, vm-groupset-alle, vm-speed-alle, vm-brake-hydraulic-disc",TRUE,Title,Default Title,VM-SHIMANORTMT8001,0,shopify,99,continue,manual,29.99,,TRUE,TRUE,active
sram-paceline-cl-160mm-center-lock,SRAM Paceline CL 160mm Center Lock,<p><strong>Kompatibilität:</strong> Alle Center Lock Räder (160mm)</p><ul><li>Bremse: Hydraulic Disc</li></ul>,SRAM,Bremsscheibe,Bremsscheibe,"vm-kat-bremsscheibe, vm-groupset-alle, vm-speed-alle, vm-brake-hydraulic-disc",TRUE,Title,Default Title,VM-SRAMPACELINECL1,0,shopify,99,continue,manual,44.99,,TRUE,TRUE,active
continental-gp-5000-s-tr-25mm-700c-tlr,Continental GP 5000 S TR 25mm 700c TLR,<p><strong>Kompatibilität:</strong> Alle 700c Räder mit min. 25mm Freiheit</p>,Continental,Reifen,Reifen,"vm-kat-reifen, vm-groupset-alle, vm-speed-alle",TRUE,Title,Default Title,VM-CONTINENTALGP500,0,shopify,99,continue,manual,64.99,,TRUE,TRUE,active
continental-gp-5000-s-tr-28mm-700c-tlr,Continental GP 5000 S TR 28mm 700c TLR,<p><strong>Kompatibilität:</strong> Alle 700c Räder mit min. 28mm Freiheit</p>,Continental,Reifen,Reifen,"vm-kat-reifen, vm-groupset-alle, vm-speed-alle",TRUE,Title,Default Title,VM-CONTINENTALGP500,0,shopify,99,continue,manual,64.99,,TRUE,TRUE,active
continental-gp-5000-s-tr-30mm-700c-tlr,Continental GP 5000 S TR 30mm 700c TLR,<p><strong>Kompatibilität:</strong> Alle 700c Räder mit min. 30mm Freiheit</p>,Continental,Reifen,Reifen,"vm-kat-reifen, vm-groupset-alle, vm-speed-alle",TRUE,Title,Default Title,VM-CONTINENTALGP500,0,shopify,99,continue,manual,64.99,,TRUE,TRUE,active
continental-gp-5000-s-tr-32mm-700c-tlr,Continental GP 5000 S TR 32mm 700c TLR,<p><strong>Kompatibilität:</strong> Alle 700c Räder mit min. 32mm Freiheit</p>,Continental,Reifen,Reifen,"vm-kat-reifen, vm-groupset-alle, vm-speed-alle",TRUE,Title,Default Title,VM-CONTINENTALGP500,0,shopify,99,continue,manual,64.99,,TRUE,TRUE,active
continental-gp-5000-28mm-700c-kevlar,Continental GP 5000 28mm 700c Kevlar,<p><strong>Kompatibilität:</strong> Alle 700c Räder (nicht Tubeless)</p>,Continental,Reifen,Reifen,"vm-kat-reifen, vm-groupset-alle, vm-speed-alle",TRUE,Title,Default Title,VM-CONTINENTALGP500,0,shopify,99,continue,manual,49.99,,TRUE,TRUE,active
vittoria-corsa-pro-tlr-28mm-700c,Vittoria Corsa Pro TLR 28mm 700c,<p><strong>Kompatibilität:</strong> Alle 700c Räder mit min. 28mm Freiheit</p>,Vittoria,Reifen,Reifen,"vm-kat-reifen, vm-groupset-alle, vm-speed-alle",TRUE,Title,Default Title,VM-VITTORIACORSAPRO,0,shopify,99,continue,manual,69.99,,TRUE,TRUE,active
vittoria-corsa-n-ext-tlr-28mm-700c,Vittoria Corsa N.EXT TLR 28mm 700c,<p><strong>Kompatibilität:</strong> Alle 700c Räder mit min. 28mm Freiheit</p>,Vittoria,Reifen,Reifen,"vm-kat-reifen, vm-groupset-alle, vm-speed-alle",TRUE,Title,Default Title,VM-VITTORIACORSANE,0,shopify,99,continue,manual,54.99,,TRUE,TRUE,active
pirelli-p-zero-race-tlr-28mm-700c,Pirelli P Zero Race TLR 28mm 700c,<p><strong>Kompatibilität:</strong> Alle 700c Räder mit min. 28mm Freiheit</p>,Pirelli,Reifen,Reifen,"vm-kat-reifen, vm-groupset-alle, vm-speed-alle",TRUE,Title,Default Title,VM-PIRELLIPZERORAC,0,shopify,99,continue,manual,59.99,,TRUE,TRUE,active
schwalbe-pro-one-tt-tle-28mm-700c,Schwalbe Pro One TT TLE 28mm 700c,<p><strong>Kompatibilität:</strong> Alle 700c Räder mit min. 28mm Freiheit</p>,Schwalbe,Reifen,Reifen,"vm-kat-reifen, vm-groupset-alle, vm-speed-alle",TRUE,Title,Default Title,VM-SCHWALBEPROONET,0,shopify,99,continue,manual,64.99,,TRUE,TRUE,active
schwalbe-pro-one-aero-tle-28mm-700c,Schwalbe Pro One Aero TLE 28mm 700c,<p><strong>Kompatibilität:</strong> Alle 700c Räder mit min. 28mm Freiheit</p>,Schwalbe,Reifen,Reifen,"vm-kat-reifen, vm-groupset-alle, vm-speed-alle",TRUE,Title,Default Title,VM-SCHWALBEPROONEA,0,shopify,99,continue,manual,69.99,,TRUE,TRUE,active
continental-race-28-light-700x25-32-presta-42mm,Continental Race 28 Light 700x25-32 Presta 42mm,<p><strong>Kompatibilität:</strong> Alle 700c Räder 25-32mm</p>,Continental,Schlauch,Schlauch,"vm-kat-schlauch, vm-groupset-alle, vm-speed-alle, vm-universal",TRUE,Title,Default Title,VM-CONTINENTALRACE2,0,shopify,99,continue,manual,7.99,,TRUE,TRUE,active
continental-race-28-light-700x25-32-presta-60mm,Continental Race 28 Light 700x25-32 Presta 60mm,<p><strong>Kompatibilität:</strong> Alle 700c Räder 25-32mm (Deep Rim)</p>,Continental,Schlauch,Schlauch,"vm-kat-schlauch, vm-groupset-alle, vm-speed-alle, vm-universal",TRUE,Title,Default Title,VM-CONTINENTALRACE2,0,shopify,99,continue,manual,8.99,,TRUE,TRUE,active
tubolito-s-tubo-road-700x18-32-42mm,Tubolito S-Tubo Road 700x18-32 42mm,"<p><strong>Kompatibilität:</strong> Alle 700c Räder (Ultraleicht, 38g)</p>",Tubolito,Schlauch,Schlauch,"vm-kat-schlauch, vm-groupset-alle, vm-speed-alle, vm-universal",TRUE,Title,Default Title,VM-TUBOLITOSTUBORO,0,shopify,99,continue,manual,34.99,,TRUE,TRUE,active
supacaz-super-sticky-kush,Supacaz Super Sticky Kush,<p><strong>Kompatibilität:</strong> Alle Rennradlenker</p>,Supacaz,Lenkerband,Lenkerband,"vm-kat-lenkerband, vm-groupset-alle, vm-speed-alle, vm-universal",TRUE,Title,Default Title,VM-SUPACAZSUPERSTIC,0,shopify,99,continue,manual,34.99,,TRUE,TRUE,active
lizard-skins-dsp-3-2mm,Lizard Skins DSP 3.2mm,<p><strong>Kompatibilität:</strong> Alle Rennradlenker</p>,Lizard Skins,Lenkerband,Lenkerband,"vm-kat-lenkerband, vm-groupset-alle, vm-speed-alle, vm-universal",TRUE,Title,Default Title,VM-LIZARDSKINSDSP3,0,shopify,99,continue,manual,39.99,,TRUE,TRUE,active
fizik-vento-microtex-tacky,Fizik Vento Microtex Tacky,<p><strong>Kompatibilität:</strong> Alle Rennradlenker</p>,Fizik,Lenkerband,Lenkerband,"vm-kat-lenkerband, vm-groupset-alle, vm-speed-alle, vm-universal",TRUE,Title,Default Title,VM-FIZIKVENTOMICROT,0,shopify,99,continue,manual,29.99,,TRUE,TRUE,active
fizik-vento-argo-r1-carbon-150mm,Fizik Vento Argo R1 Carbon 150mm,<p><strong>Kompatibilität:</strong> Alle Rennräder (7mm Rails)</p>,Fizik,Sattel,Sattel,"vm-kat-sattel, vm-groupset-alle, vm-speed-alle, vm-universal",TRUE,Title,Default Title,VM-FIZIKVENTOARGOR,0,shopify,99,continue,manual,299.99,,TRUE,TRUE,active
fizik-vento-argo-r3-150mm,Fizik Vento Argo R3 150mm,<p><strong>Kompatibilität:</strong> Alle Rennräder (7mm Rails)</p>,Fizik,Sattel,Sattel,"vm-kat-sattel, vm-groupset-alle, vm-speed-alle, vm-universal",TRUE,Title,Default Title,VM-FIZIKVENTOARGOR,0,shopify,99,continue,manual,129.99,,TRUE,TRUE,active
selle-italia-slr-boost-superflow-l-carbon,Selle Italia SLR Boost Superflow L Carbon,<p><strong>Kompatibilität:</strong> Alle Rennräder (7mm Rails)</p>,Selle Italia,Sattel,Sattel,"vm-kat-sattel, vm-groupset-alle, vm-speed-alle, vm-universal",TRUE,Title,Default Title,VM-SELLEITALIASLRB,0,shopify,99,continue,manual,249.99,,TRUE,TRUE,active
selle-italia-model-x-superflow,Selle Italia Model X Superflow,<p><strong>Kompatibilität:</strong> Alle Rennräder (7mm Rails)</p>,Selle Italia,Sattel,Sattel,"vm-kat-sattel, vm-groupset-alle, vm-speed-alle, vm-universal",TRUE,Title,Default Title,VM-SELLEITALIAMODEL,0,shopify,99,continue,manual,89.99,,TRUE,TRUE,active
prologo-scratch-m5-cpc-tirox,Prologo Scratch M5 CPC Tirox,<p><strong>Kompatibilität:</strong> Alle Rennräder (7mm Rails)</p>,Prologo,Sattel,Sattel,"vm-kat-sattel, vm-groupset-alle, vm-speed-alle, vm-universal",TRUE,Title,Default Title,VM-PROLOGOSCRATCHM5,0,shopify,99,continue,manual,179.99,,TRUE,TRUE,active
canyon-sp0077-aeropost-d-shape,Canyon SP0077 Aeropost D-Shape,"<p><strong>Kompatibilität:</strong> Canyon Aeroad Gen4, Ultimate Gen5, Endurace Gen3</p><ul><li>Sattelstützen-Typ: D-Shape Canyon</li></ul>",Canyon,Sattelstütze,Sattelstütze,"vm-kat-sattelstuetze, vm-groupset-alle, vm-speed-alle, vm-seatpost-d-shape-canyon, vm-bike-canyon",TRUE,Title,Default Title,VM-CANYONSP0077AERO,0,shopify,99,continue,manual,149.99,,TRUE,TRUE,active
canyon-s15-vcls-2-0-carbon,Canyon S15 VCLS 2.0 Carbon,<p><strong>Kompatibilität:</strong> Canyon Endurace CFR</p><ul><li>Sattelstützen-Typ: D-Shape Canyon</li></ul>,Canyon,Sattelstütze,Sattelstütze,"vm-kat-sattelstuetze, vm-groupset-alle, vm-speed-alle, vm-seatpost-d-shape-canyon, vm-bike-canyon",TRUE,Title,Default Title,VM-CANYONS15VCLS2,0,shopify,99,continue,manual,179.99,,TRUE,TRUE,active
pinarello-aero-carbon-3d-ti-klemme,Pinarello Aero Carbon + 3D-Ti Klemme,"<p><strong>Kompatibilität:</strong> Pinarello Dogma F, F-Serie, X-Serie</p><ul><li>Sattelstützen-Typ: D-Shape Pinarello</li></ul>",Pinarello,Sattelstütze,Sattelstütze,"vm-kat-sattelstuetze, vm-groupset-alle, vm-speed-alle, vm-seatpost-d-shape-pinarello, vm-bike-pinarello",TRUE,Title,Default Title,VM-PINARELLOAEROCAR,0,shopify,99,continue,manual,199.99,,TRUE,TRUE,active
syncros-duncan-sl-aero-cft-carbon,Syncros Duncan SL Aero CFT Carbon,<p><strong>Kompatibilität:</strong> Scott Foil RC</p><ul><li>Sattelstützen-Typ: D-Shape Scott</li></ul>,Syncros/Scott,Sattelstütze,Sattelstütze,"vm-kat-sattelstuetze, vm-groupset-alle, vm-speed-alle, vm-seatpost-d-shape-scott, vm-bike-scott",TRUE,Title,Default Title,VM-SYNCROSDUNCANSL,0,shopify,99,continue,manual,249.99,,TRUE,TRUE,active
cervelo-sp34-aero-carbon,Cervélo SP34 Aero Carbon,<p><strong>Kompatibilität:</strong> Cervélo S5 (2025)</p><ul><li>Sattelstützen-Typ: D-Shape Cervelo</li></ul>,Cervélo,Sattelstütze,Sattelstütze,"vm-kat-sattelstuetze, vm-groupset-alle, vm-speed-alle, vm-seatpost-d-shape-cervelo, vm-bike-cervelo",TRUE,Title,Default Title,VM-CERVELOSP34AERO,0,shopify,99,continue,manual,199.99,,TRUE,TRUE,active
look-aero-post-4-carbon,LOOK Aero Post 4 Carbon,<p><strong>Kompatibilität:</strong> Look 795 Blade RS (NUR 795!)</p><ul><li>Sattelstützen-Typ: D-Shape Look</li></ul>,Look,Sattelstütze,Sattelstütze,"vm-kat-sattelstuetze, vm-groupset-alle, vm-speed-alle, vm-seatpost-d-shape-look, vm-bike-look",TRUE,Title,Default Title,VM-LOOKAEROPOST4C,0,shopify,99,continue,manual,189.99,,TRUE,TRUE,active
standard-carbon-27-2mm-rund-z-b-ritchey-wcs,Standard Carbon 27.2mm Rund (z.B. Ritchey WCS),"<p><strong>Kompatibilität:</strong> Look 785, CAAD14, Specialized Aethos</p><ul><li>Sattelstützen-Typ: 27.2mm Rund</li></ul>",Diverse,Sattelstütze,Sattelstütze,"vm-kat-sattelstuetze, vm-groupset-alle, vm-speed-alle, vm-seatpost-27-2mm-rund",TRUE,Title,Default Title,VM-STANDARDCARBON27,0,shopify,99,continue,manual,89.99,,TRUE,TRUE,active
muc-off-bio-chain-cleaner-400ml,Muc-Off Bio Chain Cleaner 400ml,<p><strong>Kompatibilität:</strong> Alle Fahrräder</p>,Muc-Off,Reinigung,Reinigung,"vm-kat-reinigung, vm-universal",TRUE,Title,Default Title,VM-MUCOFFBIOCHAIN,0,shopify,99,continue,manual,12.99,,TRUE,TRUE,active
muc-off-nano-tech-bike-cleaner-1l,Muc-Off Nano Tech Bike Cleaner 1L,<p><strong>Kompatibilität:</strong> Alle Fahrräder</p>,Muc-Off,Reinigung,Reinigung,"vm-kat-reinigung, vm-universal",TRUE,Title,Default Title,VM-MUCOFFNANOTECH,0,shopify,99,continue,manual,14.99,,TRUE,TRUE,active
muc-off-drivetrain-cleaner-500ml,Muc-Off Drivetrain Cleaner 500ml,<p><strong>Kompatibilität:</strong> Alle Fahrräder</p>,Muc-Off,Reinigung,Reinigung,"vm-kat-reinigung, vm-universal",TRUE,Title,Default Title,VM-MUCOFFDRIVETRAIN,0,shopify,99,continue,manual,11.99,,TRUE,TRUE,active
squirt-long-lasting-dry-chain-lube-120ml,Squirt Long Lasting Dry Chain Lube 120ml,<p><strong>Kompatibilität:</strong> Alle Fahrradketten</p>,Squirt,Schmiermittel,Schmiermittel,"vm-kat-schmiermittel, vm-universal",TRUE,Title,Default Title,VM-SQUIRTLONGLASTIN,0,shopify,99,continue,manual,14.99,,TRUE,TRUE,active
muc-off-hydrodynamic-chain-lube-50ml,Muc-Off Hydrodynamic Chain Lube 50ml,<p><strong>Kompatibilität:</strong> Alle Fahrradketten</p>,Muc-Off,Schmiermittel,Schmiermittel,"vm-kat-schmiermittel, vm-universal",TRUE,Title,Default Title,VM-MUCOFFHYDRODYNAM,0,shopify,99,continue,manual,12.99,,TRUE,TRUE,active
silca-super-secret-chain-lube-120ml,Silca Super Secret Chain Lube 120ml,<p><strong>Kompatibilität:</strong> Alle Fahrradketten</p>,Silca,Schmiermittel,Schmiermittel,"vm-kat-schmiermittel, vm-universal",TRUE,Title,Default Title,VM-SILCASUPERSECRET,0,shopify,99,continue,manual,24.99,,TRUE,TRUE,active
park-tool-ct-3-3-kettennieter,Park Tool CT-3.3 Kettennieter,<p><strong>Kompatibilität:</strong> Alle Fahrradketten</p>,Park Tool,Werkzeug,Werkzeug,"vm-kat-werkzeug, vm-universal",TRUE,Title,Default Title,VM-PARKTOOLCT33K,0,shopify,99,continue,manual,34.99,,TRUE,TRUE,active
park-tool-sr-12-2-kettenpeitsche,Park Tool SR-12.2 Kettenpeitsche,<p><strong>Kompatibilität:</strong> Alle Kassetten</p>,Park Tool,Werkzeug,Werkzeug,"vm-kat-werkzeug, vm-universal",TRUE,Title,Default Title,VM-PARKTOOLSR122,0,shopify,99,continue,manual,24.99,,TRUE,TRUE,active
park-tool-fr-5-2g-kassetten-abzieher,Park Tool FR-5.2G Kassetten-Abzieher,<p><strong>Kompatibilität:</strong> Shimano/SRAM Kassetten</p>,Park Tool,Werkzeug,Werkzeug,"vm-kat-werkzeug, vm-universal",TRUE,Title,Default Title,VM-PARKTOOLFR52G,0,shopify,99,continue,manual,11.99,,TRUE,TRUE,active
park-tool-bbt-59-2-bb-werkzeug-shimano,Park Tool BBT-59.2 BB-Werkzeug Shimano,<p><strong>Kompatibilität:</strong> Shimano Innenlager</p>,Park Tool,Werkzeug,Werkzeug,"vm-kat-werkzeug, vm-universal",TRUE,Title,Default Title,VM-PARKTOOLBBT592,0,shopify,99,continue,manual,29.99,,TRUE,TRUE,active
topeak-mini-20-pro-multitool,Topeak Mini 20 Pro Multitool,<p><strong>Kompatibilität:</strong> Alle Fahrräder</p>,Topeak,Werkzeug,Werkzeug,"vm-kat-werkzeug, vm-universal",TRUE,Title,Default Title,VM-TOPEAKMINI20PRO,0,shopify,99,continue,manual,34.99,,TRUE,TRUE,active
elite-vico-carbon-flaschenhalter,Elite Vico Carbon Flaschenhalter,<p><strong>Kompatibilität:</strong> Alle Rennräder</p>,Elite,Flaschenhalter,Flaschenhalter,"vm-kat-flaschenhalter, vm-universal",TRUE,Title,Default Title,VM-ELITEVICOCARBON,0,shopify,99,continue,manual,39.99,,TRUE,TRUE,active
topeak-aero-wedge-pack-s,Topeak Aero Wedge Pack S,<p><strong>Kompatibilität:</strong> Alle Rennräder</p>,Topeak,Satteltasche,Satteltasche,"vm-kat-satteltasche, vm-universal",TRUE,Title,Default Title,VM-TOPEAKAEROWEDGE,0,shopify,99,continue,manual,24.99,,TRUE,TRUE,active
stan-s-notubes-race-sealant-237ml,Stan's NoTubes Race Sealant 237ml,<p><strong>Kompatibilität:</strong> Alle TLR-Räder</p>,Stan's,Tubeless,Tubeless,"vm-kat-tubeless, vm-universal",TRUE,Title,Default Title,VM-STANSNOTUBESRAC,0,shopify,99,continue,manual,12.99,,TRUE,TRUE,active
muc-off-no-puncture-hassle-140ml,Muc-Off No Puncture Hassle 140ml,<p><strong>Kompatibilität:</strong> Alle TLR-Räder</p>,Muc-Off,Tubeless,Tubeless,"vm-kat-tubeless, vm-universal",TRUE,Title,Default Title,VM-MUCOFFNOPUNCTUR,0,shopify,99,continue,manual,14.99,,TRUE,TRUE,active
muc-off-tubeless-valve-60mm-paar,Muc-Off Tubeless Valve 60mm (Paar),<p><strong>Kompatibilität:</strong> Alle TLR-Räder</p>,Muc-Off,Ventil,Ventil,"vm-kat-ventil, vm-universal",TRUE,Title,Default Title,VM-MUCOFFTUBELESSV,0,shopify,99,continue,manual,24.99,,TRUE,TRUE,active
